ptname,time_slot
Tom,17/10/2023 09:00-09:30
Tom,18/10/2023 09:00-09:30
Tom,19/10/2023 09:00-09:30
Tom,20/10/2023 09:00-09:30
Tom,21/10/2023 09:00-09:30
Alex,18/10/2023 09:30-10:00
Alex,20/10/2023 10:00-10:30
Alex,28/10/2023 10:30-11:00
Alex,12/10/2023 11:30-12:00
Alex,01/10/2023 12:00-12:30
Jerry,19/10/2023 11:00-11:30
Jerry,20/10/2023 11:00-11:30
Jerry,18/10/2023 11:00-11:30
Jerry,17/10/2023 11:00-11:30
Jerry,22/10/2023 11:00-11:30
Peter,23/10/2023 09:00-09:30
Peter,24/10/2023 09:00-09:30
Peter,25/10/2023 09:00-09:30
Forest,18/09/2023 10:00-10:30
Forest,18/08/2023 10:00-10:30
Forest,18/11/2023 10:00-10:30
Forest,18/12/2023 10:00-10:30
Shane,03/10/2023 10:00-10:30
Shane,01/10/2023 09:00-09:30
Shane,02/10/2023 12:00-12:30
Jackson,18/08/2023 10:00-10:30
Jackson,18/07/2023 10:00-10:30
Jackson,18/12/2023 10:00-10:30
Jackson,18/11/2023 10:00-10:30
Jackson,18/01/2023 10:00-10:30
Anderson,19/09/2023 11:00-11:30
Anderson,19/08/2023 11:00-11:30
Anderson,19/05/2023 11:00-11:30
Anderson,19/04/2023 11:00-11:30
Andy,17/11/2023 09:00-09:30
Andy,17/11/2023 09:30-10:00
Andy,17/11/2023 10:00-10:30
Andy,17/11/2023 11:00-11:30
Nick,20/11/2023 10:00-10:30
Nick,12/11/2023 10:00-10:30
Nick,01/11/2023 10:00-10:30
Nick,02/11/2023 10:00-10:30
Chris,17/11/2023 09:00-09:30
Chris,17/12/2023 09:00-09:30
Chris,17/02/2023 09:00-09:30
Chris,17/03/2023 09:00-09:30
Tina,18/11/2023 10:00-10:30
Linda,19/11/2023 11:30-12:30
Linda,19/11/2023 13:00-13:30
Linda,19/11/2023 14:00-14:30